{"title": "XiuRen第1753期_嫩模陶喜乐_lele私房内衣半脱露凹凸娇躯无内肉丝极致诱惑写真54P", "info": "更新：2019-12-04 浏览:7455", "detail_link": "https://www.xgmn.org/Xiuren/Xiuren12589.html"},
{"title": "XiuRen第1752期_嫩模小九月私房眼镜OL主题半脱无内黑丝秀香体极致诱惑写真79P", "info": "更新：2019-12-04 浏览:5973", "detail_link": "https://www.xgmn.org/Xiuren/Xiuren12588.html"},
{"title": "[MyGirl美媛馆]Vol.398_嫩模糯美子Mini私房性感肉色内衣秀豪乳翘臀完美诱惑写真50P", "info": "更新：2019-12-04 浏览:3721", "detail_link": "https://www.xgmn.org/MyGirl/MyGirl12587.html"},
{"title": "[IMISS爱蜜社]Vol.391_气质女神Lavinia＆Ceci上演私房秘书肉丝裤袜魅惑写真66P", "info": "更新：2019-12-04 浏览:5672", "detail_link": "https://www.xgmn.org/IMiss/IMiss12586.html"},
{"title": "[YouMi尤蜜荟]Vol.360_嫩模Emily顾奈奈马尔代夫旅拍丛林大尺度全裸火辣诱惑写真40P", "info": "更新：2019-12-04 浏览:4809", "detail_link": "https://www.xgmn.org/YouMi/12585.html"},
{"title": "[FeiLin嗲囡囡]VOL.211_嫩模luna张静燕私房性感内衣全裸上身秀豪乳撩人诱惑写真49P", "info": "更新：2019-12-04 浏览:3502", "detail_link": "https://www.xgmn.org/FeiLin/FeiLin12584.html"},
{"title": "[XiaoYu画语界]Vol.179_女神芝芝Booty海南心愿旅拍眼镜OL半脱露火辣美体诱惑写真77P", "info": "更新：2019-12-04 浏览:5424", "detail_link": "https://www.xgmn.org/XiaoYu/XiaoYu12583.html"},
{"title": "Rosimm第2918期_紫色抹胸内衣美女居家床上半脱内裤秀浑圆翘臀极致诱惑写真47P", "info": "更新：2019-12-04 浏览:1480", "detail_link": "https://www.xgmn.org/Rosimeimei/Rosimeimei12582.html"},
{"title": "Rosimm第2917期_绿色连身裙美女私房床上半脱露豪乳半球遮点撩人诱惑写真56P", "info": "更新：2019-12-04 浏览:1325", "detail_link": "https://www.xgmn.org/Rosimeimei/Rosimeimei12581.html"},
{"title": "Rosimm第2916期_豪乳妹子私房床上真空丝袜裹身秀豪乳翘臀撩人诱惑写真58P", "info": "更新：2019-12-04 浏览:1818", "detail_link": "https://www.xgmn.org/Rosimeimei/Rosimeimei12580.html"},
{"title": "[Ugirls爱尤物]No.1657_嫩模小汐私房粉色睡衣配粉色短裙秀完美身材撩人诱惑写真35P", "info": "更新：2019-12-04 浏览:3293", "detail_link": "https://www.xgmn.org/Aiyouwu/Aiyouwu12579.html"},
{"title": "[Ugirls爱尤物]No.1656_嫩模韩熙清纯校园制服+私房性感内衣秀完美身材诱惑写真34P", "info": "更新：2019-12-04 浏览:2983", "detail_link": "https://www.xgmn.org/Aiyouwu/Aiyouwu12578.html"},
{"title": "[Ugirls爱尤物]No.1655_嫩模九儿私房性感黑色内衣秀完美身材半脱撩人诱惑写真35P", "info": "更新：2019-12-04 浏览:2459", "detail_link": "https://www.xgmn.org/Aiyouwu/Aiyouwu12577.html"},
{"title": "XiuRen第1751期_女神奶瓶土肥圆私房黑色蕾丝内衣配无内肉丝惹火诱惑写真61P", "info": "更新：2019-12-02 浏览:18971", "detail_link": "https://www.xgmn.org/Xiuren/Xiuren12576.html"},
{"title": "XiuRen第1750期_嫩模就是阿朱啊私房秘书职业装无内黑丝裤袜销魂诱惑写真68P", "info": "更新：2019-12-02 浏览:12831", "detail_link": "https://www.xgmn.org/Xiuren/Xiuren12575.html"},
{"title": "[MyGirl美媛馆]Vol.397_女神Flower朱可儿日本旅拍浴室里比基尼秀完美身材诱惑写真49P", "info": "更新：2019-12-02 浏览:6380", "detail_link": "https://www.xgmn.org/MyGirl/MyGirl12574.html"},
{"title": "[IMISS爱蜜社]Vol.390_嫩模Ceci私房连身裙全脱露白色蕾丝内衣秀完美身材诱惑写真41P", "info": "更新：2019-12-02 浏览:5803", "detail_link": "https://www.xgmn.org/IMiss/IMiss12573.html"},
{"title": "[YouMi尤蜜荟]Vol.359_女神王雨纯马尔代夫旅拍情趣真空旗袍配无内黑丝极致诱惑写真70P", "info": "更新：2019-12-02 浏览:8064", "detail_link": "https://www.xgmn.org/YouMi/12572.html"},
{"title": "[MiStar魅妍社]Vol.311_巨乳女神恩一普吉岛旅拍私房背心配蕾丝丁字裤惹火诱惑写真40P", "info": "更新：2019-12-02 浏览:7853", "detail_link": "https://www.xgmn.org/MiStar/MiStar12571.html"},
{"title": "[HuaYang花漾]Vol.181_女神周于希马尔代夫旅拍魅惑吊裙配朦胧肉丝妩媚诱惑写真61P", "info": "更新：2019-12-02 浏览:7300", "detail_link": "https://www.xgmn.org/HuaYang/HuaYang12570.html"},
{"title": "[XiaoYu画语界]Vol.178_女神杨晨晨sugar心愿旅拍室外车拍主题无内肉丝裤袜诱惑写真66P", "info": "更新：2019-12-02 浏览:8808", "detail_link": "https://www.xgmn.org/XiaoYu/XiaoYu12569.html"},
{"title": "Rosimm第2915期_黑色蕾丝睡衣美女居家私房半脱黑色丁字裤惹火诱惑写真59P", "info": "更新：2019-12-02 浏览:3739", "detail_link": "https://www.xgmn.org/Rosimeimei/Rosimeimei12568.html"},
{"title": "[Ugirls爱尤物]No.1654_嫩模绝对仙儿私房性感情趣内衣系列秀完美身材惹火诱惑写真35P", "info": "更新：2019-12-02 浏览:5854", "detail_link": "https://www.xgmn.org/Aiyouwu/Aiyouwu12567.html"},
{"title": "XiuRen第1749期_女神心妍小公主私房真空黑丝渔网露豪乳血滴子遮点极致诱惑写真49P", "info": "更新：2019-12-01 浏览:14135", "detail_link": "https://www.xgmn.org/Xiuren/Xiuren12566.html"},
{"title": "XiuRen第1748期_嫩模陆萱萱便利店主题性感职场装半脱露超薄黑丝裤袜诱惑写真76P", "info": "更新：2019-12-01 浏览:16737", "detail_link": "https://www.xgmn.org/Xiuren/Xiuren12565.html"},
{"title": "XiuRen第1747期_嫩模梦心月私房职业装半脱露黑色情趣内衣丁字裤撩人诱惑写真76P", "info": "更新：2019-12-01 浏览:10391", "detail_link": "https://www.xgmn.org/Xiuren/Xiuren12564.html"},
{"title": "[IMISS爱蜜社]Vol.389_嫩模nova李雅私房床上黑色内衣配无内黑丝裤袜惹火诱惑写真51P", "info": "更新：2019-12-01 浏览:7333", "detail_link": "https://www.xgmn.org/IMiss/IMiss12563.html"},
{"title": "[MFStar模范学院]Vol.223_嫩模糯美子Mini私房内衣秀完美身材巨乳肥臀极致魅惑写真50P", "info": "更新：2019-12-01 浏览:12710", "detail_link": "https://www.xgmn.org/MFStar/MFStar12562.html"},
{"title": "[HuaYang花漾]Vol.180_女神王雨纯户外艳红吊裙无内大胆露出秀白嫩肌肤诱惑写真51P", "info": "更新：2019-12-01 浏览:7438", "detail_link": "https://www.xgmn.org/HuaYang/HuaYang12561.html"},
{"title": "[XiaoYu画语界]Vol.177_女神Angela喜欢猫私房白色吊带连身裙配肉丝裤袜诱惑写真70P", "info": "更新：2019-12-01 浏览:7953", "detail_link": "https://www.xgmn.org/XiaoYu/XiaoYu12560.html"},
{"title": "[Ugirls爱尤物]No.1653_嫩模林佳沫私房黑色蕾丝内衣秀完美身材豪乳诱惑写真35P", "info": "更新：2019-12-01 浏览:6753", "detail_link": "https://www.xgmn.org/Aiyouwu/Aiyouwu12559.html"},
{"title": "Rosimm第2914期_无内黑丝裤袜美女私房床上全裸上身露傲人豪乳极致诱惑写真43P", "info": "更新：2019-12-01 浏览:3826", "detail_link": "https://www.xgmn.org/Rosimeimei/Rosimeimei12558.html"},
{"title": "XiuRen第1746期_女神杨晨晨sugar私房性感白色内衣配黑丝渔网销魂诱惑写真96P", "info": "更新：2019-11-29 浏览:18064", "detail_link": "https://www.xgmn.org/Xiuren/Xiuren12557.html"},
{"title": "XiuRen第1745期_嫩模梦心月美国旅拍私房全裸上身露豪乳肉质丝袜半脱诱惑写真44P", "info": "更新：2019-11-29 浏览:13530", "detail_link": "https://www.xgmn.org/Xiuren/Xiuren12556.html"},
{"title": "XiuRen第1744期_女神王雨纯韩国旅拍私房真空学生服露豪乳丁字裤秀翘臀诱惑写真64P", "info": "更新：2019-11-29 浏览:11145", "detail_link": "https://www.xgmn.org/Xiuren/Xiuren12555.html"},
{"title": "[IMISS爱蜜社]Vol.388_女神心妍小公主私房连体黑丝渔网秀火辣身材极致诱惑写真32P", "info": "更新：2019-11-29 浏览:7724", "detail_link": "https://www.xgmn.org/IMiss/IMiss12554.html"},
{"title": "[YouMi尤蜜荟]Vol.358_女神周于希Sandy马尔代夫旅拍性感吊裙配黑丝裤袜诱惑写真55P", "info": "更新：2019-11-29 浏览:9720", "detail_link": "https://www.xgmn.org/YouMi/12553.html"},
{"title": "[XiaoYu画语界]Vol.176_嫩模允儿Claire床上性感内衣配肉丝裤袜半脱火辣诱惑写真64P", "info": "更新：2019-11-29 浏览:28264", "detail_link": "https://www.xgmn.org/XiaoYu/XiaoYu12552.html"},
{"title": "[MiiTao蜜桃社]Vol.133_嫩模小猪Baey私房性感奶牛比基尼+三点式内衣完美诱惑写真49P", "info": "更新：2019-11-29 浏览:6178", "detail_link": "https://www.xgmn.org/MiiTao/MiiTao12551.html"},
{"title": "[Ugirls爱尤物]No.1652_嫩模小喜私房白色缕空情趣内衣+白色蕾丝内衣惹火诱惑写真35P", "info": "更新：2019-11-29 浏览:7228", "detail_link": "https://www.xgmn.org/Aiyouwu/Aiyouwu12550.html"},
{"title": "Rosimm第2913期_白色短袖衫美女居家私房撩衣真空露傲人豪乳遮点极致诱惑写真62P", "info": "更新：2019-11-29 浏览:4767", "detail_link": "https://www.xgmn.org/Rosimeimei/Rosimeimei12549.html"},
{"title": "XiuRen第1743期_女神杨晨晨suga秘书主题白衬衣职业装半脱秀浑圆翘臀诱惑写真55P", "info": "更新：2019-11-28 浏览:16029", "detail_link": "https://www.xgmn.org/Xiuren/Xiuren12548.html"},
{"title": "XiuRen第1742期_女神芝芝Booty私房粉色短裙半脱露无内肉丝裤袜秀翘臀诱惑写真87P", "info": "更新：2019-11-28 浏览:25005", "detail_link": "https://www.xgmn.org/Xiuren/Xiuren12547.html"},
{"title": "XiuRen第1741期_嫩模良人非爱人私房黑白墨点奶牛装秀火辣身材极致诱惑写真42P", "info": "更新：2019-11-28 浏览:6121", "detail_link": "https://www.xgmn.org/Xiuren/Xiuren12546.html"},
{"title": "[IMISS爱蜜社]Vol.387_气质女神Lavinia私房黑色蕾丝内衣配肉丝裤袜完美诱惑写真42P", "info": "更新：2019-11-28 浏览:6274", "detail_link": "https://www.xgmn.org/IMiss/IMiss12545.html"},
{"title": "[YouMi尤蜜荟]Vol.357_嫩模梦心月私房黑色皮质连身裙配蕾丝袜半脱秀翘臀诱惑写真55P", "info": "更新：2019-11-28 浏览:7281", "detail_link": "https://www.xgmn.org/YouMi/12544.html"},
{"title": "[MFStar模范学院]Vol.222_嫩模Betty林子欣日本旅拍开胸连体情趣内衣撩人诱惑写真53P", "info": "更新：2019-11-28 浏览:8227", "detail_link": "https://www.xgmn.org/MFStar/MFStar12543.html"},
{"title": "[XiaoYu画语界]Vol.175_高挑美女大熙私房连身裙配无内黑丝裤袜惹火诱惑写真64P", "info": "更新：2019-11-28 浏览:8949", "detail_link": "https://www.xgmn.org/XiaoYu/XiaoYu12542.html"},
{"title": "[Ugirls爱尤物]No.1651_湿吻女神李宓儿私房黑色内衣秀完美身材惹火诱惑写真35P", "info": "更新：2019-11-28 浏览:6748", "detail_link": "https://www.xgmn.org/Aiyouwu/Aiyouwu12541.html"},
{"title": "Rosimm第2912期_黑色蕾丝情趣内衣妹子私房床上缕空秀火辣美体撩人诱惑写真57P", "info": "更新：2019-11-28 浏览:4235", "detail_link": "https://www.xgmn.org/Rosimeimei/Rosimeimei12540.html"},
{"title": "XiuRen第1740期_女神妲己_Toxic心愿旅拍私房白色透视情趣内衣勾魂诱惑写真52P", "info": "更新：2019-11-27 浏览:17499", "detail_link": "https://www.xgmn.org/Xiuren/Xiuren12539.html"},
{"title": "XiuRen第1739期_女神就是阿朱啊酒窖主题黑吊裙配无内黑丝裤袜惹火诱惑写真66P", "info": "更新：2019-11-27 浏览:13729", "detail_link": "https://www.xgmn.org/Xiuren/Xiuren12538.html"},
{"title": "[MyGirl美媛馆]Vol.396_嫩模糯美子Mini私房礼物主题大尺度全裸秀火辣胴体诱惑写真86P", "info": "更新：2019-11-27 浏览:25777", "detail_link": "https://www.xgmn.org/MyGirl/MyGirl12537.html"},
{"title": "[IMISS爱蜜社]Vol.386_嫩模Pretty私房白衬衣配超薄肉丝裤袜秀完美身材诱惑写真54P", "info": "更新：2019-11-27 浏览:5658", "detail_link": "https://www.xgmn.org/IMiss/IMiss12536.html"},
{"title": "[YouMi尤蜜荟]Vol.356_女神周于希Sandy马尔代夫旅拍泳池薄纱裙湿身透视诱惑写真55P", "info": "更新：2019-11-27 浏览:8519", "detail_link": "https://www.xgmn.org/YouMi/12535.html"},
{"title": "[MiStar魅妍社]Vol.310_女神黄乐然普吉岛旅拍私房蕾丝内衣半脱露白嫩翘臀诱惑写真40P", "info": "更新：2019-11-27 浏览:4335", "detail_link": "https://www.xgmn.org/MiStar/MiStar12534.html"},
{"title": "[HuaYang花漾]Vol.179_嫩模艺轩私房女警制服配无内黑丝裤袜秀美腿玉足诱惑写真52P", "info": "更新：2019-11-27 浏览:8730", "detail_link": "https://www.xgmn.org/HuaYang/HuaYang12533.html"},
{"title": "[XiaoYu画语界]Vol.174_女神杨晨晨sugar私房黑色高开长裙配黑丝袜销魂诱惑写真71P", "info": "更新：2019-11-27 浏览:10504", "detail_link": "https://www.xgmn.org/XiaoYu/XiaoYu12532.html"},
{"title": "[Ugirls爱尤物]No.1650_嫩模崔灿私房黑色蕾丝内衣+白色抹胸内衣完美诱惑写真34P", "info": "更新：2019-11-27 浏览:6037", "detail_link": "https://www.xgmn.org/Aiyouwu/Aiyouwu12531.html"},
{"title": "[Ugirls爱尤物]No.1649_嫩模菲儿性感豹纹内衣+私房比基尼秀完美身材诱惑写真35P", "info": "更新：2019-11-27 浏览:6865", "detail_link": "https://www.xgmn.org/Aiyouwu/Aiyouwu12530.html"},
{"title": "Rosimm第2911期_薄纱透视睡衣美女居家私房撩衣露傲人豪乳遮点极致诱惑写真50P", "info": "更新：2019-11-27 浏览:3918", "detail_link": "https://www.xgmn.org/Rosimeimei/Rosimeimei12529.html"},
{"title": "Rosimm第2910期_红色连身裙美女居家私房撩裙露傲人豪乳两手遮点诱惑写真44P", "info": "更新：2019-11-27 浏览:2350", "detail_link": "https://www.xgmn.org/Rosimeimei/Rosimeimei12528.html"},
{"title": "XiuRen第1738期_女神奶瓶土肥圆心愿旅拍私房无内黑丝裤袜秀火辣身材诱惑写真54P", "info": "更新：2019-11-25 浏览:21614", "detail_link": "https://www.xgmn.org/Xiuren/Xiuren12527.html"},
{"title": "XiuRen第1737期_嫩模陆萱萱私房古韵旗袍半脱秀无内肉丝裤袜露翘臀诱惑写真58P", "info": "更新：2019-11-25 浏览:14851", "detail_link": "https://www.xgmn.org/Xiuren/Xiuren12526.html"},
{"title": "XiuRen第1736期_女神芝芝Booty私房床上脱黑丝袜真空露翘臀屁沟极致诱惑写真55P", "info": "更新：2019-11-25 浏览:15180", "detail_link": "https://www.xgmn.org/Xiuren/Xiuren12525.html"},
{"title": "XiuRen第1735期_嫩模Betty林子欣私房蕾丝情趣内衣配破烂吊带黑丝极致诱惑写真40P", "info": "更新：2019-11-25 浏览:15042", "detail_link": "https://www.xgmn.org/Xiuren/Xiuren12524.html"},
{"title": "XiuRen第1734期_嫩模模特_卿卿韩国旅拍私房高叉连体衣+户外比基尼诱惑写真58P", "info": "更新：2019-11-25 浏览:8046", "detail_link": "https://www.xgmn.org/Xiuren/Xiuren12523.html"},
{"title": "[IMISS爱蜜社]Vol.385_女神luvian本能私房浴室里粉色内衣半脱露豪乳火辣诱惑写真54P", "info": "更新：2019-11-25 浏览:8073", "detail_link": "https://www.xgmn.org/IMiss/IMiss12522.html"},
{"title": "[HuaYang花漾]Vol.178_嫩模梦心月私房半脱牛仔裤秀超薄无内肉丝裤袜惹火诱惑写真64P", "info": "更新：2019-11-25 浏览:8670", "detail_link": "https://www.xgmn.org/HuaYang/HuaYang12521.html"},
{"title": "[XiaoYu画语界]Vol.173_嫩模诗诗kiki私房白衬衣配黑丝袜秀完美身段豪乳诱惑写真75P", "info": "更新：2019-11-25 浏览:11207", "detail_link": "https://www.xgmn.org/XiaoYu/XiaoYu12520.html"},
{"title": "[Toutiao头条女神]No.S008_嫩模JennyR私房床上白色真空吊带背心配丁字裤诱惑写真44P", "info": "更新：2019-11-25 浏览:6814", "detail_link": "https://www.xgmn.org/TouTiao/TouTiao12519.html"},
{"title": "[Toutiao头条女神]No.S007_嫩模语溪私房黑色情趣内衣配无内黑丝渔网诱惑写真23P", "info": "更新：2019-11-25 浏览:3322", "detail_link": "https://www.xgmn.org/TouTiao/TouTiao12518.html"},
{"title": "[Toutiao头条女神]No.S006_嫩模韵竹私房小情人系列无内黑丝裤袜秀翘臀诱惑写真21P", "info": "更新：2019-11-25 浏览:3207", "detail_link": "https://www.xgmn.org/TouTiao/TouTiao12517.html"},
{"title": "[Ugirls爱尤物]No.1648_性感尤物刘邦妮私房黑色皮质内衣秀完美身材诱惑写真35P", "info": "更新：2019-11-25 浏览:7779", "detail_link": "https://www.xgmn.org/Aiyouwu/Aiyouwu12516.html"},
{"title": "[Ugirls爱尤物]No.1647_嫩模白茹雪私房粉色高叉连体衣露豪乳半球撩人诱惑写真35P", "info": "更新：2019-11-25 浏览:4264", "detail_link": "https://www.xgmn.org/Aiyouwu/Aiyouwu12515.html"},
{"title": "Rosimm第2909期_豪乳妹子私房床上全裸上身露傲人豪乳两手遮点极致诱惑写真45P", "info": "更新：2019-11-25 浏览:5157", "detail_link": "https://www.xgmn.org/Rosimeimei/Rosimeimei12514.html"},
{"title": "XiuRen第1733期_嫩模沈梦瑶户外清爽学生装大胆半脱露白色蕾丝内衣诱惑写真60P", "info": "更新：2019-11-24 浏览:13030", "detail_link": "https://www.xgmn.org/Xiuren/Xiuren12513.html"},
{"title": "XiuRen第1732期_嫩模爱丽儿室内健身房系列三套服饰秀完美身材性感写真41P", "info": "更新：2019-11-24 浏览:4879", "detail_link": "https://www.xgmn.org/Xiuren/Xiuren12512.html"},
{"title": "[IMISS爱蜜社]Vol.384_气质女神Lavinia私房性感内衣秀魔鬼身材靓丽迷人写真36P", "info": "更新：2019-11-24 浏览:6223", "detail_link": "https://www.xgmn.org/IMiss/IMiss12511.html"},
{"title": "[YouMi尤蜜荟]Vol.355_嫩模梦心月私房黑色蕾丝情趣内衣半脱露白嫩美胸诱惑写真61P", "info": "更新：2019-11-24 浏览:9975", "detail_link": "https://www.xgmn.org/YouMi/12510.html"},
{"title": "[MFStar模范学院]Vol.221_嫩模小牛奶私房黑色内衣配丁字裤秀翘臀完美诱惑写真44P", "info": "更新：2019-11-24 浏览:20943", "detail_link": "https://www.xgmn.org/MFStar/MFStar12509.html"},
{"title": "[HuaYang花漾]Vol.177_女神王雨纯办公室性感白衬衫配无内黑丝裤袜撩人诱惑写真50P", "info": "更新：2019-11-24 浏览:9061", "detail_link": "https://www.xgmn.org/HuaYang/HuaYang12508.html"},
{"title": "[XiaoYu画语界]Vol.172_嫩模允儿Claire私房紧身牛仔裤半脱露无内黑丝裤袜诱惑写真83P", "info": "更新：2019-11-24 浏览:15711", "detail_link": "https://www.xgmn.org/XiaoYu/XiaoYu12507.html"},
{"title": "[Ugirls爱尤物]No.1646_嫩模维妮卡私房粉色情趣内衣配白丝网袜秀完美身材诱惑写真35P", "info": "更新：2019-11-24 浏览:8859", "detail_link": "https://www.xgmn.org/Aiyouwu/Aiyouwu12506.html"},
{"title": "[Ugirls爱尤物]No.1645_嫩模夏玲蔓私房性感厨娘薄纱围裙透视秀完美身材诱惑写真35P", "info": "更新：2019-11-24 浏览:7143", "detail_link": "https://www.xgmn.org/Aiyouwu/Aiyouwu12505.html"},
{"title": "Rosimm第2908期_学生运动装美女私房床上半脱露性感内衣狗爬式撩人诱惑写真63P", "info": "更新：2019-11-24 浏览:3720", "detail_link": "https://www.xgmn.org/Rosimeimei/Rosimeimei12504.html"},
{"title": "Rosimm第2907期_低胸睡衣美女居家私房半脱露傲人豪乳无内肉丝裤袜诱惑写真51P", "info": "更新：2019-11-24 浏览:4284", "detail_link": "https://www.xgmn.org/Rosimeimei/Rosimeimei12503.html"},
{"title": "[Toutiao头条女神]No.759_嫩模小乔居家私房性感粉色睡裙秀完美身材迷人写真9P", "info": "更新：2019-11-21 浏览:3821", "detail_link": "https://www.xgmn.org/TouTiao/TouTiao12502.html"},
{"title": "[Toutiao头条女神]No.758_嫩模伊诺私房黑色情趣内衣配吊带黑丝袜诱惑写真20P", "info": "更新：2019-11-21 浏览:4447", "detail_link": "https://www.xgmn.org/TouTiao/TouTiao12501.html"},
{"title": "[Toutiao头条女神]No.757_嫩模韵竹私房床上白色情趣内衣配白丝袜诱惑写真12P", "info": "更新：2019-11-21 浏览:3163", "detail_link": "https://www.xgmn.org/TouTiao/TouTiao12500.html"},
{"title": "Rosimm第2906期_灰色吊带背心小美女无内真空美乳激凸半脱秀美背诱惑写真36P", "info": "更新：2019-11-21 浏览:4454", "detail_link": "https://www.xgmn.org/Rosimeimei/Rosimeimei12499.html"},
{"title": "Rosimm第2905期_长发美女居家私房性感豆绿色内衣半脱秀火辣身材诱惑写真64P", "info": "更新：2019-11-21 浏览:4472", "detail_link": "https://www.xgmn.org/Rosimeimei/Rosimeimei12498.html"},
{"title": "[Ugirls爱尤物]No.1644_嫩模一只香蕉船私房白色蕾丝内衣+透视情趣内衣惹火诱惑写真35P", "info": "更新：2019-11-21 浏览:7061", "detail_link": "https://www.xgmn.org/Aiyouwu/Aiyouwu12497.html"},
{"title": "XiuRen第1731期_女神杨晨晨sugar私房墨绿色抹胸裙配黑丝裤袜秀美腿诱惑写真98P", "info": "更新：2019-11-20 浏览:18740", "detail_link": "https://www.xgmn.org/Xiuren/Xiuren12496.html"},
{"title": "XiuRen第1730期_嫩模陶喜乐_lele机器人女友主题剧情版情节对话撩人诱惑写真72P", "info": "更新：2019-11-20 浏览:29720", "detail_link": "https://www.xgmn.org/Xiuren/Xiuren12495.html"},
{"title": "XiuRen第1729期_嫩模小九月私房学生制服半脱露无内黑丝裤袜完美诱惑写真61P", "info": "更新：2019-11-20 浏览:14966", "detail_link": "https://www.xgmn.org/Xiuren/Xiuren12494.html"},
{"title": "XiuRen第1728期_嫩模艾小青户外海边兔女郎超薄无内肉丝裤袜撩人诱惑写真38P", "info": "更新：2019-11-20 浏览:9138", "detail_link": "https://www.xgmn.org/Xiuren/Xiuren12493.html"},
{"title": "[YouMi尤蜜荟]Vol.354_女神王雨纯马尔代夫旅拍户外百变兔女郎大胆露出火辣诱惑写真47P", "info": "更新：2019-11-20 浏览:8590", "detail_link": "https://www.xgmn.org/YouMi/12492.html"},
{"title": "[XiaoYu画语界]Vol.171_嫩模顾桥楠私房抹胸礼服半脱露无内黑丝裤袜极致诱惑写真87P", "info": "更新：2019-11-20 浏览:17569", "detail_link": "https://www.xgmn.org/XiaoYu/XiaoYu12491.html"},
{"title": "[XINGYAN星颜社]VOL.129_嫩模韩雨馨私房情趣内衣半脱露豪乳血滴子极致诱惑写真50P", "info": "更新：2019-11-20 浏览:11765", "detail_link": "https://www.xgmn.org/XingYan/XingYan12490.html"},
